Warriors @ Trail Blazers - Feb 14 2018 10:30PM,206.2464,124.056,0.0
Warriors @ Trail Blazers - Feb 14 2018 10:30PM,137.66784,-153.792,0.0
Warriors @ Trail Blazers - Feb 14 2018 10:30PM,88.28928,-21.528,0.0
Warriors @ Trail Blazers - Feb 14 2018 10:30PM,228.10176,-87.48,0.0
Warriors @ Trail Blazers - Feb 14 2018 10:30PM,189.49776,25.632,0.0
Warriors @ Trail Blazers - Feb 14 2018 10:30PM,199.50624,18.504,1.0
Warriors @ Trail Blazers - Feb 14 2018 10:30PM,177.804,-24.624,0.0
Warriors @ Trail Blazers - Feb 14 2018 10:30PM,218.09328,-170.28,0.0
Warriors @ Trail Blazers - Feb 14 2018 10:30PM,122.34864,-142.92,1.0
Warriors @ Trail Blazers - Feb 14 2018 10:30PM,-129.34512,-131.976,1.0
Warriors @ Trail Blazers - Feb 14 2018 10:30PM,-76.18752,14.544,0.0
Warriors @ Trail Blazers - Feb 14 2018 10:30PM,-216.10224,-14.904,1.0
Warriors @ Trail Blazers - Feb 14 2018 10:30PM,-216.0,-8.064,1.0
Warriors @ Trail Blazers - Feb 14 2018 10:30PM,-213.19152,163.656,0.0
Warriors @ Trail Blazers - Feb 14 2018 10:30PM,-89.66832,30.744,1.0
Warriors @ Trail Blazers - Feb 14 2018 10:30PM,-189.54912,-165.24,0.0
Warriors @ Trail Blazers - Feb 14 2018 10:30PM,-96.45984,59.832,0.0
Suns @ Warriors - Feb 12 2018 10:30PM,74.19552,-12.24,0.0
Suns @ Warriors - Feb 12 2018 10:30PM,89.31024,75.168,0.0
Suns @ Warriors - Feb 12 2018 10:30PM,93.6,68.976,0.0
Suns @ Warriors - Feb 12 2018 10:30PM,124.8048,117.612,0.0
Suns @ Warriors - Feb 12 2018 10:30PM,107.18256,-111.384,1.0
Suns @ Warriors - Feb 12 2018 10:30PM,138.63792,55.296,1.0
Suns @ Warriors - Feb 12 2018 10:30PM,208.74864,28.584,0.0
Suns @ Warriors - Feb 12 2018 10:30PM,-119.74512,10.44,0.0
Suns @ Warriors - Feb 12 2018 10:30PM,194.09328,7.92,1.0
Suns @ Warriors - Feb 12 2018 10:30PM,192.71472,71.496,1.0
Suns @ Warriors - Feb 12 2018 10:30PM,133.4808,161.928,1.0
Suns @ Warriors - Feb 12 2018 10:30PM,168.25488,-1.44,1.0
Suns @ Warriors - Feb 12 2018 10:30PM,-99.1152,84.456,1.0
Suns @ Warriors - Feb 12 2018 10:30PM,-137.20896,77.832,1.0
Suns @ Warriors - Feb 12 2018 10:30PM,-203.08128,12.024,0.0
Suns @ Warriors - Feb 12 2018 10:30PM,-190.00896,-12.672,0.0
Suns @ Warriors - Feb 12 2018 10:30PM,0.0,111.168,0.0
Spurs @ Warriors - Feb 10 2018  8:30PM,114.7248,100.4472,1.0
Spurs @ Warriors - Feb 10 2018  8:30PM,196.8,166.032,1.0
Spurs @ Warriors - Feb 10 2018  8:30PM,111.67632,109.008,0.0
Spurs @ Warriors - Feb 10 2018  8:30PM,200.5272,-11.088,1.0
Spurs @ Warriors - Feb 10 2018  8:30PM,209.66784,47.376,1.0
Spurs @ Warriors - Feb 10 2018  8:30PM,93.65088,-97.272,0.0
Spurs @ Warriors - Feb 10 2018  8:30PM,211.35312,-14.976,1.0
Spurs @ Warriors - Feb 10 2018  8:30PM,192.10176,20.16,0.0
Spurs @ Warriors - Feb 10 2018  8:30PM,99.67632,94.608,1.0
Spurs @ Warriors - Feb 10 2018  8:30PM,78.94464,-39.024,0.0
Spurs @ Warriors - Feb 10 2018  8:30PM,-158.34912,-69.84,0.0
Spurs @ Warriors - Feb 10 2018  8:30PM,-214.16208,38.016,1.0
Spurs @ Warriors - Feb 10 2018  8:30PM,126.68928,-10.44,0.0
Mavericks @ Warriors - Feb  8 2018 10:30PM,-182.24688,-163.584,0.0
Mavericks @ Warriors - Feb  8 2018 10:30PM,-128.06832,28.368,1.0
Mavericks @ Warriors - Feb  8 2018 10:30PM,-94.05984,-132.336,1.0
Mavericks @ Warriors - Feb  8 2018 10:30PM,-113.20896,-126.72,1.0
Mavericks @ Warriors - Feb  8 2018 10:30PM,-105.85536,-117.288,0.0
Mavericks @ Warriors - Feb  8 2018 10:30PM,-120.25536,-123.912,0.0
Mavericks @ Warriors - Feb  8 2018 10:30PM,-206.5536,-163.08,1.0
Mavericks @ Warriors - Feb  8 2018 10:30PM,104.6808,118.152,0.0
Mavericks @ Warriors - Feb  8 2018 10:30PM,89.004,68.832,1.0
Mavericks @ Warriors - Feb  8 2018 10:30PM,194.75712,-10.872,1.0
Mavericks @ Warriors - Feb  8 2018 10:30PM,180.5616,19.008,1.0
Mavericks @ Warriors - Feb  8 2018 10:30PM,84.25488,18.0,0.0
Thunder @ Warriors - Feb  6 2018 10:30PM,-150.22992,123.48,1.0
Thunder @ Warriors - Feb  6 2018 10:30PM,-78.22992,-84.456,0.0
Thunder @ Warriors - Feb  6 2018 10:30PM,-85.58304,29.736,0.0
Thunder @ Warriors - Feb  6 2018 10:30PM,-165.7536,-2.88,1.0
Thunder @ Warriors - Feb  6 2018 10:30PM,-83.13216,-66.528,1.0
Thunder @ Warriors - Feb  6 2018 10:30PM,-179.18304,-25.632,0.0
Thunder @ Warriors - Feb  6 2018 10:30PM,-204.10224,-23.256,1.0
Thunder @ Warriors - Feb  6 2018 10:30PM,-95.4384,-68.328,0.0
Thunder @ Warriors - Feb  6 2018 10:30PM,-85.94064,-1.584,0.0
Thunder @ Warriors - Feb  6 2018 10:30PM,189.75312,165.456,0.0
Thunder @ Warriors - Feb  6 2018 10:30PM,122.29776,116.928,1.0
Thunder @ Warriors - Feb  6 2018 10:30PM,88.49328,38.448,0.0
Thunder @ Warriors - Feb  6 2018 10:30PM,208.90176,24.696,1.0
Thunder @ Warriors - Feb  6 2018 10:30PM,188.57856,-5.688,0.0
Thunder @ Warriors - Feb  6 2018 10:30PM,-122.14512,-158.256,0.0
Thunder @ Warriors - Feb  6 2018 10:30PM,220.69776,169.344,0.0
Warriors @ Nuggets - Feb  3 2018  9:00PM,124.8,130.752,1.0
Warriors @ Nuggets - Feb  3 2018  9:00PM,159.62544,160.56,1.0
Warriors @ Nuggets - Feb  3 2018  9:00PM,183.42096,4.824,1.0
Warriors @ Nuggets - Feb  3 2018  9:00PM,88.28928,42.768,0.0
Warriors @ Nuggets - Feb  3 2018  9:00PM,100.34016,156.744,0.0
Warriors @ Nuggets - Feb  3 2018  9:00PM,93.03792,83.952,0.0
Warriors @ Nuggets - Feb  3 2018  9:00PM,214.1616,-14.976,1.0
Warriors @ Nuggets - Feb  3 2018  9:00PM,143.6424,145.008,0.0
Warriors @ Nuggets - Feb  3 2018  9:00PM,208.59552,37.656,1.0
Warriors @ Nuggets - Feb  3 2018  9:00PM,89.31024,61.848,0.0
Warriors @ Nuggets - Feb  3 2018  9:00PM,-95.02992,75.672,1.0
Warriors @ Nuggets - Feb  3 2018  9:00PM,-137.56608,-10.008,0.0
Warriors @ Nuggets - Feb  3 2018  9:00PM,-145.94064,152.064,1.0
Warriors @ Nuggets - Feb  3 2018  9:00PM,-129.44688,161.928,0.0
Warriors @ Nuggets - Feb  3 2018  9:00PM,-203.02992,22.392,0.0
Warriors @ Nuggets - Feb  3 2018  9:00PM,-191.89824,-74.592,0.0
Warriors @ Nuggets - Feb  3 2018  9:00PM,-115.81296,117.0,0.0
Warriors @ Nuggets - Feb  3 2018  9:00PM,-63.72768,75.24,1.0
Warriors @ Kings - Feb  2 2018 10:30PM,-191.48976,-169.2,0.0
Warriors @ Kings - Feb  2 2018 10:30PM,-221.92368,168.552,0.0
Warriors @ Kings - Feb  2 2018 10:30PM,-91.5576,-78.696,0.0
Warriors @ Kings - Feb  2 2018 10:30PM,-222.12768,12.888,0.0
Warriors @ Kings - Feb  2 2018 10:30PM,-197.66832,168.48,0.0
Warriors @ Kings - Feb  2 2018 10:30PM,-74.04288,54.0,1.0
Warriors @ Kings - Feb  2 2018 10:30PM,-209.10672,36.216,1.0
Warriors @ Kings - Feb  2 2018 10:30PM,-193.02144,14.328,1.0
Warriors @ Kings - Feb  2 2018 10:30PM,-209.10672,10.08,0.0
Warriors @ Kings - Feb  2 2018 10:30PM,-203.18304,-12.888,1.0
Warriors @ Kings - Feb  2 2018 10:30PM,183.67632,21.024,0.0
Warriors @ Kings - Feb  2 2018 10:30PM,217.22544,-43.848,0.0
Warriors @ Kings - Feb  2 2018 10:30PM,197.46336,167.472,1.0
Warriors @ Kings - Feb  2 2018 10:30PM,109.78704,-154.8,1.0
Warriors @ Kings - Feb  2 2018 10:30PM,74.0424,10.8,0.0
Warriors @ Kings - Feb  2 2018 10:30PM,217.83792,82.152,1.0
Warriors @ Kings - Feb  2 2018 10:30PM,82.77408,54.0,0.0
Warriors @ Kings - Feb  2 2018 10:30PM,216.25488,165.96,0.0
Warriors @ Jazz - Jan 30 2018  9:00PM,145.53168,154.8,0.0
Warriors @ Jazz - Jan 30 2018  9:00PM,200.27232,51.408,1.0
Warriors @ Jazz - Jan 30 2018  9:00PM,120.0,-126.0,0.0
Warriors @ Jazz - Jan 30 2018  9:00PM,220.74864,-29.376,0.0
Warriors @ Jazz - Jan 30 2018  9:00PM,155.74464,46.8,0.0
Warriors @ Jazz - Jan 30 2018  9:00PM,212.22096,26.856,0.0
Warriors @ Jazz - Jan 30 2018  9:00PM,205.53168,-19.44,1.0
Warriors @ Jazz - Jan 30 2018  9:00PM,84.25488,-54.0,1.0
Warriors @ Jazz - Jan 30 2018  9:00PM,176.17008,162.0,0.0
Warriors @ Jazz - Jan 30 2018  9:00PM,197.51472,3.024,1.0
Warriors @ Jazz - Jan 30 2018  9:00PM,-188.2728,-24.768,0.0
Warriors @ Jazz - Jan 30 2018  9:00PM,-180.61296,-52.848,0.0
Warriors @ Jazz - Jan 30 2018  9:00PM,-120.0,-119.808,0.0
Warriors @ Jazz - Jan 30 2018  9:00PM,-109.78752,-111.6,0.0
Warriors @ Jazz - Jan 30 2018  9:00PM,-224.22144,160.704,0.0
Celtics @ Warriors - Jan 27 2018  8:30PM,172.54464,49.176,1.0
Celtics @ Warriors - Jan 27 2018  8:30PM,211.7616,166.104,1.0
Celtics @ Warriors - Jan 27 2018  8:30PM,145.6848,-147.312,0.0
Celtics @ Warriors - Jan 27 2018  8:30PM,135.7272,-28.224,1.0
Celtics @ Warriors - Jan 27 2018  8:30PM,209.05488,27.432,1.0
Celtics @ Warriors - Jan 27 2018  8:30PM,156.97008,156.096,1.0
Celtics @ Warriors - Jan 27 2018  8:30PM,115.81248,111.096,0.0
Celtics @ Warriors - Jan 27 2018  8:30PM,106.62096,103.68,0.0
Celtics @ Warriors - Jan 27 2018  8:30PM,165.90624,-63.432,0.0
Celtics @ Warriors - Jan 27 2018  8:30PM,-11.28528,-150.408,0.0
Celtics @ Warriors - Jan 27 2018  8:30PM,138.94464,-161.064,1.0
Celtics @ Warriors - Jan 27 2018  8:30PM,-162.17904,142.488,1.0
Celtics @ Warriors - Jan 27 2018  8:30PM,-212.22144,-4.104,1.0
Celtics @ Warriors - Jan 27 2018  8:30PM,-102.12768,-92.592,1.0
Celtics @ Warriors - Jan 27 2018  8:30PM,-161.12688,153.2376,0.0
Celtics @ Warriors - Jan 27 2018  8:30PM,-213.70224,-32.256,0.0
Celtics @ Warriors - Jan 27 2018  8:30PM,-220.0344,-24.768,1.0
Celtics @ Warriors - Jan 27 2018  8:30PM,-87.37056,50.904,1.0
Celtics @ Warriors - Jan 27 2018  8:30PM,-94.92768,-88.2,1.0
Celtics @ Warriors - Jan 27 2018  8:30PM,-93.29376,26.928,1.0
Celtics @ Warriors - Jan 27 2018  8:30PM,-141.24288,-24.48,0.0
Celtics @ Warriors - Jan 27 2018  8:30PM,-196.34064,-63.648,1.0
Celtics @ Warriors - Jan 27 2018  8:30PM,-122.5536,-121.32,0.0
Celtics @ Warriors - Jan 27 2018  8:30PM,-73.0728,-6.264,1.0
Celtics @ Warriors - Jan 27 2018  8:30PM,-200.57904,-32.832,1.0
Celtics @ Warriors - Jan 27 2018  8:30PM,-193.68528,21.672,0.0
Timberwolves @ Warriors - Jan 25 2018 10:30PM,-145.12368,61.776,1.0
Timberwolves @ Warriors - Jan 25 2018 10:30PM,-99.57456,-72.0,0.0
Timberwolves @ Warriors - Jan 25 2018 10:30PM,-214.26384,17.064,1.0
Timberwolves @ Warriors - Jan 25 2018 10:30PM,-80.62992,-82.8,1.0
Timberwolves @ Warriors - Jan 25 2018 10:30PM,-124.64688,155.592,1.0
Timberwolves @ Warriors - Jan 25 2018 10:30PM,-209.82144,161.496,1.0
Timberwolves @ Warriors - Jan 25 2018 10:30PM,-82.00896,66.024,0.0
Timberwolves @ Warriors - Jan 25 2018 10:30PM,-217.02144,3.6,1.0
Timberwolves @ Warriors - Jan 25 2018 10:30PM,-206.85984,9.648,0.0
Timberwolves @ Warriors - Jan 25 2018 10:30PM,122.2464,90.504,1.0
Timberwolves @ Warriors - Jan 25 2018 10:30PM,101.41248,-118.008,0.0
Timberwolves @ Warriors - Jan 25 2018 10:30PM,140.98704,146.808,0.0
Timberwolves @ Warriors - Jan 25 2018 10:30PM,79.50624,-25.56,1.0
Timberwolves @ Warriors - Jan 25 2018 10:30PM,151.60848,103.32,0.0
Timberwolves @ Warriors - Jan 25 2018 10:30PM,125.71872,126.432,1.0
Knicks @ Warriors - Jan 23 2018 10:30PM,-201.14064,-38.376,0.0
Knicks @ Warriors - Jan 23 2018 10:30PM,-84.25536,32.4,1.0
Knicks @ Warriors - Jan 23 2018 10:30PM,-186.53664,162.288,0.0
Knicks @ Warriors - Jan 23 2018 10:30PM,-218.34912,-160.92,0.0
Knicks @ Warriors - Jan 23 2018 10:30PM,-190.72368,161.856,0.0
Knicks @ Warriors - Jan 23 2018 10:30PM,-122.91072,118.8,0.0
Knicks @ Warriors - Jan 23 2018 10:30PM,-104.68128,-90.0,0.0
Knicks @ Warriors - Jan 23 2018 10:30PM,-186.79152,10.8,0.0
Knicks @ Warriors - Jan 23 2018 10:30PM,-143.64288,154.368,1.0
Knicks @ Warriors - Jan 23 2018 10:30PM,-212.01744,7.056,1.0
Knicks @ Warriors - Jan 23 2018 10:30PM,89.3616,32.4,0.0
Knicks @ Warriors - Jan 23 2018 10:30PM,136.03392,-57.096,0.0
Knicks @ Warriors - Jan 23 2018 10:30PM,140.42544,144.504,1.0
Knicks @ Warriors - Jan 23 2018 10:30PM,211.91472,9.936,0.0
Knicks @ Warriors - Jan 23 2018 10:30PM,99.11472,-76.824,1.0
Knicks @ Warriors - Jan 23 2018 10:30PM,174.17856,-164.952,1.0
Knicks @ Warriors - Jan 23 2018 10:30PM,150.63792,154.8,1.0
Knicks @ Warriors - Jan 23 2018 10:30PM,68.93616,-111.6,0.0
Knicks @ Warriors - Jan 23 2018 10:30PM,91.75104,6.7608,1.0
Knicks @ Warriors - Jan 23 2018 10:30PM,79.14864,18.0,1.0
Warriors @ Rockets - Jan 20 2018  8:30PM,92.78256,89.352,0.0
Warriors @ Rockets - Jan 20 2018  8:30PM,125.41248,-138.528,0.0
Warriors @ Rockets - Jan 20 2018  8:30PM,207.98256,37.44,0.0
Warriors @ Rockets - Jan 20 2018  8:30PM,86.85936,52.704,1.0
Warriors @ Rockets - Jan 20 2018  8:30PM,78.74016,11.736,0.0
Warriors @ Rockets - Jan 20 2018  8:30PM,206.65488,33.336,0.0
Warriors @ Rockets - Jan 20 2018  8:30PM,87.7272,34.992,0.0
Warriors @ Rockets - Jan 20 2018  8:30PM,105.65088,-124.416,0.0
Warriors @ Rockets - Jan 20 2018  8:30PM,127.81248,77.256,1.0
Warriors @ Rockets - Jan 20 2018  8:30PM,207.7272,-17.28,0.0
Warriors @ Rockets - Jan 20 2018  8:30PM,132.30624,154.224,0.0
Warriors @ Rockets - Jan 20 2018  8:30PM,89.66784,-54.0,1.0
Warriors @ Rockets - Jan 20 2018  8:30PM,-101.05536,-56.808,0.0
Warriors @ Rockets - Jan 20 2018  8:30PM,-216.10224,-16.632,0.0
Warriors @ Rockets - Jan 20 2018  8:30PM,-152.52768,-159.696,1.0
Warriors @ Rockets - Jan 20 2018  8:30PM,-110.04288,-113.616,1.0
Warriors @ Rockets - Jan 20 2018  8:30PM,-134.60448,-138.24,0.0
Warriors @ Rockets - Jan 20 2018  8:30PM,-161.56608,156.888,1.0
Warriors @ Rockets - Jan 20 2018  8:30PM,-179.38752,-163.584,0.0
Warriors @ Rockets - Jan 20 2018  8:30PM,-81.65136,40.824,0.0
Warriors @ Rockets - Jan 20 2018  8:30PM,-165.08976,161.496,0.0
Warriors @ Bulls - Jan 17 2018  8:00PM,-139.3536,-138.456,1.0
Warriors @ Bulls - Jan 17 2018  8:00PM,-129.0384,-16.272,1.0
Warriors @ Bulls - Jan 17 2018  8:00PM,-182.34912,3.24,0.0
Warriors @ Bulls - Jan 17 2018  8:00PM,-130.77456,55.224,1.0
Warriors @ Bulls - Jan 17 2018  8:00PM,-215.84688,121.536,0.0
Warriors @ Bulls - Jan 17 2018  8:00PM,-87.01296,-49.536,1.0
Warriors @ Bulls - Jan 17 2018  8:00PM,-84.76608,-76.824,1.0
Warriors @ Bulls - Jan 17 2018  8:00PM,-202.05984,-160.2,0.0
Warriors @ Bulls - Jan 17 2018  8:00PM,-211.65984,12.384,1.0
Warriors @ Bulls - Jan 17 2018  8:00PM,34.21248,-141.696,0.0
Warriors @ Bulls - Jan 17 2018  8:00PM,86.45088,20.16,0.0
Warriors @ Bulls - Jan 17 2018  8:00PM,85.83792,-29.088,1.0
Warriors @ Bulls - Jan 17 2018  8:00PM,217.63392,-168.768,0.0
Warriors @ Bulls - Jan 17 2018  8:00PM,162.58704,101.448,1.0
Warriors @ Bulls - Jan 17 2018  8:00PM,170.55312,9.144,0.0
Warriors @ Bulls - Jan 17 2018  8:00PM,88.4424,-62.568,1.0
Warriors @ Bulls - Jan 17 2018  8:00PM,153.03792,156.816,1.0
Warriors @ Bulls - Jan 17 2018  8:00PM,127.2,-134.496,0.0
Warriors @ Bulls - Jan 17 2018  8:00PM,201.75312,-23.184,0.0
Warriors @ Cavaliers - Jan 15 2018  8:00PM,104.6808,108.504,0.0
Warriors @ Cavaliers - Jan 15 2018  8:00PM,197.97408,14.616,1.0
Warriors @ Cavaliers - Jan 15 2018  8:00PM,87.8808,4.608,1.0
Warriors @ Cavaliers - Jan 15 2018  8:00PM,201.2424,-15.768,1.0
Warriors @ Cavaliers - Jan 15 2018  8:00PM,170.34864,162.0,0.0
Warriors @ Cavaliers - Jan 15 2018  8:00PM,206.80848,25.2,1.0
Warriors @ Cavaliers - Jan 15 2018  8:00PM,-203.18304,-8.712,1.0
Warriors @ Cavaliers - Jan 15 2018  8:00PM,-104.68128,97.2,1.0
Warriors @ Cavaliers - Jan 15 2018  8:00PM,-163.3536,161.64,1.0
Warriors @ Cavaliers - Jan 15 2018  8:00PM,-68.93664,-54.0,1.0
Warriors @ Cavaliers - Jan 15 2018  8:00PM,-193.6344,1.656,0.0
Warriors @ Cavaliers - Jan 15 2018  8:00PM,-63.1152,-18.0,0.0
Warriors @ Cavaliers - Jan 15 2018  8:00PM,-103.2,154.8,0.0
Warriors @ Cavaliers - Jan 15 2018  8:00PM,-214.72368,6.048,0.0
Warriors @ Cavaliers - Jan 15 2018  8:00PM,-218.196,-32.976,0.0
Warriors @ Cavaliers - Jan 15 2018  8:00PM,-208.9536,23.904,0.0
Warriors @ Raptors - Jan 13 2018  7:30PM,132.35712,128.088,0.0
Warriors @ Raptors - Jan 13 2018  7:30PM,158.91024,-122.112,1.0
Warriors @ Raptors - Jan 13 2018  7:30PM,103.30176,95.472,0.0
Warriors @ Raptors - Jan 13 2018  7:30PM,121.6848,130.968,0.0
Warriors @ Raptors - Jan 13 2018  7:30PM,213.70176,3.528,0.0
Warriors @ Raptors - Jan 13 2018  7:30PM,142.00848,-3.888,1.0
Warriors @ Raptors - Jan 13 2018  7:30PM,-173.92368,168.408,0.0
Warriors @ Raptors - Jan 13 2018  7:30PM,-131.02992,35.64,1.0
Warriors @ Raptors - Jan 13 2018  7:30PM,-145.58304,156.168,1.0
Warriors @ Raptors - Jan 13 2018  7:30PM,-224.73216,167.4,0.0
Warriors @ Raptors - Jan 13 2018  7:30PM,-185.77056,43.92,0.0
Warriors @ Raptors - Jan 13 2018  7:30PM,-203.13216,-46.656,0.0
Warriors @ Raptors - Jan 13 2018  7:30PM,-198.22992,8.208,1.0
Warriors @ Raptors - Jan 13 2018  7:30PM,-85.37904,10.584,1.0
Warriors @ Raptors - Jan 13 2018  7:30PM,-155.13216,40.392,0.0
Warriors @ Raptors - Jan 13 2018  7:30PM,-219.3192,26.424,0.0
Nuggets @ Warriors - Jan  8 2018 10:30PM,-95.64288,69.336,0.0
Nuggets @ Warriors - Jan  8 2018 10:30PM,-114.89376,-118.8,1.0
Nuggets @ Warriors - Jan  8 2018 10:30PM,-222.28128,164.304,0.0
Nuggets @ Warriors - Jan  8 2018 10:30PM,-104.68128,82.8,0.0
Nuggets @ Warriors - Jan  8 2018 10:30PM,-208.85136,32.76,0.0
Nuggets @ Warriors - Jan  8 2018 10:30PM,-199.65984,2.016,0.0
Nuggets @ Warriors - Jan  8 2018 10:30PM,-209.10672,-32.328,1.0
Nuggets @ Warriors - Jan  8 2018 10:30PM,-219.77904,6.12,0.0
Nuggets @ Warriors - Jan  8 2018 10:30PM,-191.64288,-167.184,1.0
Nuggets @ Warriors - Jan  8 2018 10:30PM,-217.8384,-5.4,1.0
Nuggets @ Warriors - Jan  8 2018 10:30PM,-135.88128,-165.384,0.0
Nuggets @ Warriors - Jan  8 2018 10:30PM,104.6808,90.0,1.0
Nuggets @ Warriors - Jan  8 2018 10:30PM,169.22544,75.168,0.0
Nuggets @ Warriors - Jan  8 2018 10:30PM,155.6424,110.952,1.0
Nuggets @ Warriors - Jan  8 2018 10:30PM,160.66704,-152.9352,0.0
Nuggets @ Warriors - Jan  8 2018 10:30PM,84.97008,-39.6,1.0
Nuggets @ Warriors - Jan  8 2018 10:30PM,71.8464,-104.4,1.0
Nuggets @ Warriors - Jan  8 2018 10:30PM,125.10624,133.2,0.0
Nuggets @ Warriors - Jan  8 2018 10:30PM,140.42544,104.4,1.0
Nuggets @ Warriors - Jan  8 2018 10:30PM,109.83792,97.128,0.0
Warriors @ Clippers - Jan  6 2018  3:30PM,198.74016,16.92,0.0
Warriors @ Clippers - Jan  6 2018  3:30PM,226.57008,-164.088,0.0
Warriors @ Clippers - Jan  6 2018  3:30PM,127.7616,-150.048,1.0
Warriors @ Clippers - Jan  6 2018  3:30PM,71.13168,18.0,1.0
Warriors @ Clippers - Jan  6 2018  3:30PM,220.59552,-165.816,0.0
Warriors @ Clippers - Jan  6 2018  3:30PM,79.14864,16.992,1.0
Warriors @ Clippers - Jan  6 2018  3:30PM,100.18704,-155.016,0.0
Warriors @ Clippers - Jan  6 2018  3:30PM,196.13616,-168.12,1.0
Warriors @ Clippers - Jan  6 2018  3:30PM,84.25488,46.8,0.0
Warriors @ Clippers - Jan  6 2018  3:30PM,135.31872,-3.6,0.0
Warriors @ Clippers - Jan  6 2018  3:30PM,216.10176,11.448,1.0
Warriors @ Clippers - Jan  6 2018  3:30PM,84.25488,-61.2,0.0
Warriors @ Clippers - Jan  6 2018  3:30PM,79.14864,-37.512,1.0
Warriors @ Clippers - Jan  6 2018  3:30PM,84.25488,-44.712,0.0
Warriors @ Clippers - Jan  6 2018  3:30PM,220.39104,-30.6,0.0
Warriors @ Clippers - Jan  6 2018  3:30PM,199.0464,-6.984,1.0
Warriors @ Clippers - Jan  6 2018  3:30PM,212.11872,-13.68,1.0
Warriors @ Clippers - Jan  6 2018  3:30PM,-99.57456,75.6,1.0
Warriors @ Clippers - Jan  6 2018  3:30PM,-131.69376,8.712,0.0
Warriors @ Clippers - Jan  6 2018  3:30PM,-86.29824,60.552,0.0
Warriors @ Clippers - Jan  6 2018  3:30PM,-147.26832,164.304,1.0
Warriors @ Clippers - Jan  6 2018  3:30PM,-81.34512,68.4,1.0
Warriors @ Clippers - Jan  6 2018  3:30PM,-58.72368,-39.6,0.0
Warriors @ Clippers - Jan  6 2018  3:30PM,-89.31072,3.024,0.0
Warriors @ Clippers - Jan  6 2018  3:30PM,-200.37456,-15.192,0.0
Warriors @ Clippers - Jan  6 2018  3:30PM,-92.78304,142.56,0.0
Warriors @ Rockets - Jan  4 2018  8:00PM,204.30624,158.472,0.0
Warriors @ Rockets - Jan  4 2018  8:00PM,162.22944,-155.304,1.0
Warriors @ Rockets - Jan  4 2018  8:00PM,123.79872,-113.9616,0.0
Warriors @ Rockets - Jan  4 2018  8:00PM,210.89328,-10.152,1.0
Warriors @ Rockets - Jan  4 2018  8:00PM,125.51472,85.176,1.0
Warriors @ Rockets - Jan  4 2018  8:00PM,85.58256,-23.904,0.0
Warriors @ Rockets - Jan  4 2018  8:00PM,89.3616,-54.0,1.0
Warriors @ Rockets - Jan  4 2018  8:00PM,144.97008,152.784,0.0
Warriors @ Rockets - Jan  4 2018  8:00PM,193.99104,-10.152,0.0
Warriors @ Rockets - Jan  4 2018  8:00PM,-212.17056,26.208,1.0
Warriors @ Rockets - Jan  4 2018  8:00PM,-227.08128,-163.512,0.0
Warriors @ Rockets - Jan  4 2018  8:00PM,-212.52768,-22.68,1.0
Warriors @ Rockets - Jan  4 2018  8:00PM,-180.25536,-22.464,0.0
Warriors @ Rockets - Jan  4 2018  8:00PM,-145.2768,-145.296,0.0
Warriors @ Rockets - Jan  4 2018  8:00PM,-212.37456,17.784,1.0
Warriors @ Rockets - Jan  4 2018  8:00PM,-117.08976,-120.096,1.0
Warriors @ Rockets - Jan  4 2018  8:00PM,-85.37904,-91.008,0.0
Warriors @ Rockets - Jan  4 2018  8:00PM,-94.36608,-82.944,1.0
Warriors @ Rockets - Jan  4 2018  8:00PM,-127.14912,138.096,0.0
Warriors @ Rockets - Jan  4 2018  8:00PM,-200.4768,15.48,0.0
Warriors @ Rockets - Jan  4 2018  8:00PM,-208.08528,8.136,1.0
Warriors @ Mavericks - Jan  3 2018  8:30PM,205.58256,-165.744,0.0
Warriors @ Mavericks - Jan  3 2018  8:30PM,58.7232,46.8,1.0
Warriors @ Mavericks - Jan  3 2018  8:30PM,124.13616,-146.16,0.0
Warriors @ Mavericks - Jan  3 2018  8:30PM,106.87632,-19.008,1.0
Warriors @ Mavericks - Jan  3 2018  8:30PM,199.86336,-51.624,1.0
Warriors @ Mavericks - Jan  3 2018  8:30PM,78.43392,-18.0,1.0
Warriors @ Mavericks - Jan  3 2018  8:30PM,218.29776,12.024,0.0
Warriors @ Mavericks - Jan  3 2018  8:30PM,200.17008,-36.288,0.0
Warriors @ Mavericks - Jan  3 2018  8:30PM,144.7656,-156.456,1.0
Warriors @ Mavericks - Jan  3 2018  8:30PM,221.3616,-17.28,1.0
Warriors @ Mavericks - Jan  3 2018  8:30PM,94.46784,-61.2,1.0
Warriors @ Mavericks - Jan  3 2018  8:30PM,183.77856,-163.224,0.0
Warriors @ Mavericks - Jan  3 2018  8:30PM,-132.61296,150.552,0.0
Warriors @ Mavericks - Jan  3 2018  8:30PM,-226.3152,7.56,0.0
Warriors @ Mavericks - Jan  3 2018  8:30PM,-94.46832,90.0,1.0
Warriors @ Mavericks - Jan  3 2018  8:30PM,-89.36208,-69.408,0.0
Warriors @ Mavericks - Jan  3 2018  8:30PM,-231.06384,167.976,0.0
Warriors @ Mavericks - Jan  3 2018  8:30PM,-186.89376,9.216,1.0
Warriors @ Mavericks - Jan  3 2018  8:30PM,-213.80448,-15.696,1.0
Warriors @ Mavericks - Jan  3 2018  8:30PM,-116.62992,150.264,0.0
Warriors @ Mavericks - Jan  3 2018  8:30PM,-77.92368,10.008,1.0
Grizzlies @ Warriors - Dec 30 2017  8:30PM,-212.98752,15.408,1.0
Grizzlies @ Warriors - Dec 30 2017  8:30PM,-83.38752,-8.928,1.0
Grizzlies @ Warriors - Dec 30 2017  8:30PM,-85.02144,105.408,0.0
Grizzlies @ Warriors - Dec 30 2017  8:30PM,-196.90224,-5.256,1.0
Grizzlies @ Warriors - Dec 30 2017  8:30PM,-97.6344,-94.68,1.0
Grizzlies @ Warriors - Dec 30 2017  8:30PM,-188.78304,-164.736,1.0
Grizzlies @ Warriors - Dec 30 2017  8:30PM,-170.7576,-160.344,0.0
Grizzlies @ Warriors - Dec 30 2017  8:30PM,-213.6,171.936,1.0
Grizzlies @ Warriors - Dec 30 2017  8:30PM,-144.05136,151.344,1.0
Grizzlies @ Warriors - Dec 30 2017  8:30PM,136.85088,62.64,1.0
Grizzlies @ Warriors - Dec 30 2017  8:30PM,85.73616,33.48,1.0
Grizzlies @ Warriors - Dec 30 2017  8:30PM,151.14864,153.576,1.0
Grizzlies @ Warriors - Dec 30 2017  8:30PM,210.8424,21.744,0.0
Grizzlies @ Warriors - Dec 30 2017  8:30PM,200.17008,162.216,1.0
Grizzlies @ Warriors - Dec 30 2017  8:30PM,227.2848,-176.688,1.0
Grizzlies @ Warriors - Dec 30 2017  8:30PM,87.98256,68.4,0.0
Grizzlies @ Warriors - Dec 30 2017  8:30PM,88.85088,50.328,1.0
Warriors @ Pelicans - Dec  4 2017  8:00PM,164.17008,166.68,1.0
Warriors @ Pelicans - Dec  4 2017  8:00PM,182.55312,-165.456,0.0
Warriors @ Pelicans - Dec  4 2017  8:00PM,159.01248,160.488,0.0
Warriors @ Pelicans - Dec  4 2017  8:00PM,96.30624,74.88,0.0
Warriors @ Pelicans - Dec  4 2017  8:00PM,212.22096,-158.328,1.0
Warriors @ Pelicans - Dec  4 2017  8:00PM,54.53616,53.712,0.0
Warriors @ Pelicans - Dec  4 2017  8:00PM,134.0424,145.296,0.0
Warriors @ Pelicans - Dec  4 2017  8:00PM,197.77008,-6.912,1.0
Warriors @ Pelicans - Dec  4 2017  8:00PM,212.78256,-22.68,0.0
Warriors @ Pelicans - Dec  4 2017  8:00PM,97.86864,49.3344,0.0
Warriors @ Pelicans - Dec  4 2017  8:00PM,210.38256,-6.336,0.0
Warriors @ Pelicans - Dec  4 2017  8:00PM,-167.89824,24.048,0.0
Warriors @ Pelicans - Dec  4 2017  8:00PM,-83.38752,66.96,1.0
Warriors @ Pelicans - Dec  4 2017  8:00PM,-96.61296,80.928,1.0
Warriors @ Pelicans - Dec  4 2017  8:00PM,-181.22592,14.616,0.0
Warriors @ Pelicans - Dec  4 2017  8:00PM,-94.92768,-64.8,0.0
Warriors @ Pelicans - Dec  4 2017  8:00PM,-230.04288,166.176,1.0
Warriors @ Pelicans - Dec  4 2017  8:00PM,-100.34064,-110.664,0.0
Warriors @ Pelicans - Dec  4 2017  8:00PM,-209.97456,10.44,1.0
Warriors @ Pelicans - Dec  4 2017  8:00PM,-129.85536,135.288,1.0
Warriors @ Pelicans - Dec  4 2017  8:00PM,-196.2384,-40.32,1.0
Warriors @ Heat - Dec  3 2017  7:00PM,-204.45984,12.744,0.0
Warriors @ Heat - Dec  3 2017  7:00PM,-143.69376,-94.824,1.0
Warriors @ Heat - Dec  3 2017  7:00PM,-130.21296,133.2,1.0
Warriors @ Heat - Dec  3 2017  7:00PM,-96.61296,-75.96,0.0
Warriors @ Heat - Dec  3 2017  7:00PM,-202.41744,36.432,1.0
Warriors @ Heat - Dec  3 2017  7:00PM,-84.97056,-2.592,0.0
Warriors @ Heat - Dec  3 2017  7:00PM,-223.04688,168.12,1.0
Warriors @ Heat - Dec  3 2017  7:00PM,-84.76608,75.096,1.0
Warriors @ Heat - Dec  3 2017  7:00PM,-169.22592,161.064,0.0
Warriors @ Heat - Dec  3 2017  7:00PM,-156.5976,-150.0192,1.0
Warriors @ Heat - Dec  3 2017  7:00PM,-215.59152,12.096,1.0
Warriors @ Heat - Dec  3 2017  7:00PM,109.78704,-133.2,1.0
Warriors @ Heat - Dec  3 2017  7:00PM,214.82544,10.08,1.0
Warriors @ Heat - Dec  3 2017  7:00PM,104.6808,-91.008,1.0
Warriors @ Heat - Dec  3 2017  7:00PM,211.81248,1.872,1.0
Warriors @ Heat - Dec  3 2017  7:00PM,92.27232,77.688,0.0
Warriors @ Heat - Dec  3 2017  7:00PM,105.39552,119.808,0.0
Warriors @ Magic - Dec  1 2017  7:00PM,-152.88528,-56.304,0.0
Warriors @ Magic - Dec  1 2017  7:00PM,-84.61296,25.704,1.0
Warriors @ Magic - Dec  1 2017  7:00PM,-204.1536,117.288,1.0
Warriors @ Magic - Dec  1 2017  7:00PM,-108.05136,114.336,0.0
Warriors @ Magic - Dec  1 2017  7:00PM,-160.0344,28.728,1.0
Warriors @ Magic - Dec  1 2017  7:00PM,-138.4344,-146.088,1.0
Warriors @ Magic - Dec  1 2017  7:00PM,-133.2768,-143.136,0.0
Warriors @ Magic - Dec  1 2017  7:00PM,-80.01744,88.776,1.0
Warriors @ Magic - Dec  1 2017  7:00PM,-189.44688,18.576,1.0
Warriors @ Magic - Dec  1 2017  7:00PM,-216.30672,5.4,0.0
Warriors @ Magic - Dec  1 2017  7:00PM,-75.4728,-87.048,0.0
Warriors @ Magic - Dec  1 2017  7:00PM,210.58704,-133.2,0.0
Warriors @ Magic - Dec  1 2017  7:00PM,201.65088,-82.8,0.0
Warriors @ Magic - Dec  1 2017  7:00PM,134.9616,44.496,1.0
Warriors @ Magic - Dec  1 2017  7:00PM,203.48928,-14.04,1.0
Warriors @ Magic - Dec  1 2017  7:00PM,106.62096,79.3368,0.0
Warriors @ Magic - Dec  1 2017  7:00PM,213.75312,-12.168,0.0
Warriors @ Magic - Dec  1 2017  7:00PM,223.86336,-165.888,0.0
Warriors @ Magic - Dec  1 2017  7:00PM,165.03792,40.824,1.0
Warriors @ Magic - Dec  1 2017  7:00PM,212.5272,36.288,0.0
Warriors @ Magic - Dec  1 2017  7:00PM,100.59552,95.688,0.0
Warriors @ Lakers - Nov 29 2017 10:30PM,194.9616,154.08,0.0
Warriors @ Lakers - Nov 29 2017 10:30PM,137.87232,-140.904,0.0
Warriors @ Lakers - Nov 29 2017 10:30PM,213.75312,24.12,0.0
Warriors @ Lakers - Nov 29 2017 10:30PM,98.85936,88.992,0.0
Warriors @ Lakers - Nov 29 2017 10:30PM,212.73168,-11.736,1.0
Warriors @ Lakers - Nov 29 2017 10:30PM,216.30624,-10.08,1.0
Warriors @ Lakers - Nov 29 2017 10:30PM,188.62944,1.656,0.0
Warriors @ Lakers - Nov 29 2017 10:30PM,205.6848,18.288,0.0
Warriors @ Lakers - Nov 29 2017 10:30PM,129.49776,126.0,0.0
Warriors @ Lakers - Nov 29 2017 10:30PM,209.77008,-17.208,1.0
Warriors @ Lakers - Nov 29 2017 10:30PM,-158.14512,159.48,1.0
Warriors @ Lakers - Nov 29 2017 10:30PM,-114.89376,140.4,0.0
Warriors @ Lakers - Nov 29 2017 10:30PM,-195.77904,165.384,0.0
Warriors @ Lakers - Nov 29 2017 10:30PM,-154.26384,82.8,1.0
Warriors @ Lakers - Nov 29 2017 10:30PM,-202.3152,163.512,0.0
Warriors @ Lakers - Nov 29 2017 10:30PM,-209.36208,29.736,1.0
Warriors @ Lakers - Nov 29 2017 10:30PM,-136.88688,131.508,0.0
Warriors @ Lakers - Nov 29 2017 10:30PM,-90.02592,-60.768,1.0
Warriors @ Lakers - Nov 29 2017 10:30PM,-104.68128,-132.192,1.0
Warriors @ Lakers - Nov 29 2017 10:30PM,-222.996,158.328,1.0
Pelicans @ Warriors - Nov 25 2017  8:30PM,-148.74912,158.616,0.0
Pelicans @ Warriors - Nov 25 2017  8:30PM,-129.6,-148.824,0.0
Pelicans @ Warriors - Nov 25 2017  8:30PM,-199.40448,-30.168,0.0
Pelicans @ Warriors - Nov 25 2017  8:30PM,-150.02592,-122.472,0.0
Pelicans @ Warriors - Nov 25 2017  8:30PM,-102.02592,103.896,0.0
Pelicans @ Warriors - Nov 25 2017  8:30PM,-168.81744,-31.32,0.0
Pelicans @ Warriors - Nov 25 2017  8:30PM,-227.08128,162.936,0.0
Pelicans @ Warriors - Nov 25 2017  8:30PM,-12.76608,68.4,0.0
Pelicans @ Warriors - Nov 25 2017  8:30PM,-73.2768,15.984,0.0
Pelicans @ Warriors - Nov 25 2017  8:30PM,-216.30672,-5.688,0.0
Pelicans @ Warriors - Nov 25 2017  8:30PM,-160.74912,77.544,1.0
Pelicans @ Warriors - Nov 25 2017  8:30PM,140.8848,109.44,1.0
Pelicans @ Warriors - Nov 25 2017  8:30PM,104.8848,-104.184,0.0
Pelicans @ Warriors - Nov 25 2017  8:30PM,97.17936,46.0008,1.0
Pelicans @ Warriors - Nov 25 2017  8:30PM,214.77408,21.24,1.0
Pelicans @ Warriors - Nov 25 2017  8:30PM,119.6424,40.68,0.0
Pelicans @ Warriors - Nov 25 2017  8:30PM,210.99552,-163.656,0.0
Pelicans @ Warriors - Nov 25 2017  8:30PM,74.0424,32.4,1.0
Pelicans @ Warriors - Nov 25 2017  8:30PM,199.86336,-166.752,1.0
Pelicans @ Warriors - Nov 25 2017  8:30PM,110.09328,-130.896,0.0
Pelicans @ Warriors - Nov 25 2017  8:30PM,86.45088,-3.6,0.0
Pelicans @ Warriors - Nov 25 2017  8:30PM,195.82944,-82.368,0.0
Pelicans @ Warriors - Nov 25 2017  8:30PM,179.8464,125.424,1.0
Pelicans @ Warriors - Nov 25 2017  8:30PM,210.99552,-10.512,1.0
Pelicans @ Warriors - Nov 25 2017  8:30PM,104.57856,95.616,1.0
Bulls @ Warriors - Nov 24 2017 10:30PM,-212.4768,25.704,1.0
Bulls @ Warriors - Nov 24 2017 10:30PM,-105.396,-104.4,0.0
Bulls @ Warriors - Nov 24 2017 10:30PM,-109.78752,-100.296,1.0
Bulls @ Warriors - Nov 24 2017 10:30PM,-211.09824,-7.776,1.0
Bulls @ Warriors - Nov 24 2017 10:30PM,-232.39152,160.992,1.0
Bulls @ Warriors - Nov 24 2017 10:30PM,-79.30224,18.576,1.0
Bulls @ Warriors - Nov 24 2017 10:30PM,-90.4344,10.944,0.0
Bulls @ Warriors - Nov 24 2017 10:30PM,-161.41296,108.072,0.0
Bulls @ Warriors - Nov 24 2017 10:30PM,-215.74512,-24.912,1.0
Bulls @ Warriors - Nov 24 2017 10:30PM,-213.24288,8.568,1.0
Bulls @ Warriors - Nov 24 2017 10:30PM,-135.06384,-154.44,1.0
Bulls @ Warriors - Nov 24 2017 10:30PM,-114.89376,-118.8,0.0
Bulls @ Warriors - Nov 24 2017 10:30PM,-181.58304,158.472,0.0
Bulls @ Warriors - Nov 24 2017 10:30PM,-137.97456,-38.088,1.0
Bulls @ Warriors - Nov 24 2017 10:30PM,-79.14912,93.096,0.0
Bulls @ Warriors - Nov 24 2017 10:30PM,214.9272,-18.0,1.0
Bulls @ Warriors - Nov 24 2017 10:30PM,177.6,52.344,0.0
Bulls @ Warriors - Nov 24 2017 10:30PM,89.3616,61.2,0.0
Bulls @ Warriors - Nov 24 2017 10:30PM,203.48928,-172.8792,0.0
Bulls @ Warriors - Nov 24 2017 10:30PM,87.8808,3.6,0.0
Warriors @ Thunder - Nov 22 2017  8:00PM,-166.41744,164.88,0.0
Warriors @ Thunder - Nov 22 2017  8:00PM,-139.45536,-48.384,0.0
Warriors @ Thunder - Nov 22 2017  8:00PM,-203.28528,4.896,1.0
Warriors @ Thunder - Nov 22 2017  8:00PM,-114.33216,-153.216,1.0
Warriors @ Thunder - Nov 22 2017  8:00PM,-145.94064,-1.872,1.0
Warriors @ Thunder - Nov 22 2017  8:00PM,-120.8736,-109.2168,0.0
Warriors @ Thunder - Nov 22 2017  8:00PM,-63.82992,-32.4,0.0
Warriors @ Thunder - Nov 22 2017  8:00PM,-161.1576,-163.44,0.0
Warriors @ Thunder - Nov 22 2017  8:00PM,-174.22992,164.448,1.0
Warriors @ Thunder - Nov 22 2017  8:00PM,-210.48528,9.72,1.0
Warriors @ Thunder - Nov 22 2017  8:00PM,210.43392,-30.096,1.0
Warriors @ Thunder - Nov 22 2017  8:00PM,212.5272,20.304,0.0
Warriors @ Thunder - Nov 22 2017  8:00PM,129.03792,139.608,0.0
Warriors @ Thunder - Nov 22 2017  8:00PM,128.8848,129.744,0.0
Warriors @ Thunder - Nov 22 2017  8:00PM,210.99552,-12.744,1.0
Warriors @ Thunder - Nov 22 2017  8:00PM,119.02944,68.472,1.0
Warriors @ Thunder - Nov 22 2017  8:00PM,135.37008,6.696,0.0
Warriors @ Thunder - Nov 22 2017  8:00PM,222.89328,112.176,0.0
Warriors @ Thunder - Nov 22 2017  8:00PM,89.3616,75.6,1.0
Warriors @ Nets - Nov 19 2017  6:00PM,137.51472,75.6,1.0
Warriors @ Nets - Nov 19 2017  6:00PM,82.77408,120.888,0.0
Warriors @ Nets - Nov 19 2017  6:00PM,122.19552,-14.904,1.0
Warriors @ Nets - Nov 19 2017  6:00PM,196.18704,-3.528,1.0
Warriors @ Nets - Nov 19 2017  6:00PM,167.94864,-69.912,0.0
Warriors @ Nets - Nov 19 2017  6:00PM,207.11472,-154.584,0.0
Warriors @ Nets - Nov 19 2017  6:00PM,94.46784,39.6,1.0
Warriors @ Nets - Nov 19 2017  6:00PM,84.25488,39.6,1.0
Warriors @ Nets - Nov 19 2017  6:00PM,135.31872,154.8,0.0
Warriors @ Nets - Nov 19 2017  6:00PM,216.30624,-33.84,0.0
Warriors @ Nets - Nov 19 2017  6:00PM,130.21248,-147.6,0.0
Warriors @ Nets - Nov 19 2017  6:00PM,217.94016,-164.52,0.0
Warriors @ Nets - Nov 19 2017  6:00PM,140.42544,68.4,1.0
Warriors @ Nets - Nov 19 2017  6:00PM,89.3616,-39.6,1.0
Warriors @ Nets - Nov 19 2017  6:00PM,206.70624,13.176,1.0
Warriors @ Nets - Nov 19 2017  6:00PM,150.63792,-137.304,0.0
Warriors @ Nets - Nov 19 2017  6:00PM,-200.2728,21.312,1.0
Warriors @ Nets - Nov 19 2017  6:00PM,-201.54912,-48.312,0.0
Warriors @ Nets - Nov 19 2017  6:00PM,-120.0,19.008,1.0
Warriors @ Nets - Nov 19 2017  6:00PM,-202.82592,-162.864,0.0
Warriors @ Nets - Nov 19 2017  6:00PM,-127.25136,-152.928,0.0
Warriors @ Nets - Nov 19 2017  6:00PM,-140.17056,-37.872,1.0
Warriors @ Nets - Nov 19 2017  6:00PM,-202.46832,41.688,1.0
Warriors @ Nets - Nov 19 2017  6:00PM,-145.53216,154.8,1.0
Warriors @ Nets - Nov 19 2017  6:00PM,-209.92368,-9.072,1.0
Warriors @ Nets - Nov 19 2017  6:00PM,-140.42592,85.896,0.0
Warriors @ 76ers - Nov 18 2017  7:30PM,119.50944,106.8912,0.0
Warriors @ 76ers - Nov 18 2017  7:30PM,207.62544,6.408,1.0
Warriors @ 76ers - Nov 18 2017  7:30PM,222.38256,130.968,0.0
Warriors @ 76ers - Nov 18 2017  7:30PM,181.88928,-165.816,0.0
Warriors @ 76ers - Nov 18 2017  7:30PM,114.89328,-11.808,1.0
Warriors @ 76ers - Nov 18 2017  7:30PM,152.01696,-80.856,1.0
Warriors @ 76ers - Nov 18 2017  7:30PM,126.58704,-113.472,0.0
Warriors @ 76ers - Nov 18 2017  7:30PM,204.61248,27.216,0.0
Warriors @ 76ers - Nov 18 2017  7:30PM,194.91024,-158.328,1.0
Warriors @ 76ers - Nov 18 2017  7:30PM,205.4808,-27.072,0.0
Warriors @ 76ers - Nov 18 2017  7:30PM,126.58704,-10.8,1.0
Warriors @ 76ers - Nov 18 2017  7:30PM,4.03392,42.696,0.0
Warriors @ 76ers - Nov 18 2017  7:30PM,123.06336,-123.912,0.0
Warriors @ 76ers - Nov 18 2017  7:30PM,171.37008,12.312,0.0
Warriors @ 76ers - Nov 18 2017  7:30PM,171.77856,34.92,0.0
Warriors @ 76ers - Nov 18 2017  7:30PM,94.67232,-61.2,0.0
Warriors @ 76ers - Nov 18 2017  7:30PM,-138.68976,-21.024,1.0
Warriors @ 76ers - Nov 18 2017  7:30PM,-94.92768,62.568,1.0
Warriors @ 76ers - Nov 18 2017  7:30PM,-123.42144,-21.888,1.0
Warriors @ 76ers - Nov 18 2017  7:30PM,-80.73216,-5.472,1.0
Warriors @ 76ers - Nov 18 2017  7:30PM,-87.52368,29.664,1.0
Warriors @ 76ers - Nov 18 2017  7:30PM,-192.30672,-6.336,0.0
Warriors @ 76ers - Nov 18 2017  7:30PM,-133.48128,-102.168,0.0
Warriors @ 76ers - Nov 18 2017  7:30PM,-78.89376,-64.296,1.0
Warriors @ 76ers - Nov 18 2017  7:30PM,-125.1576,-125.208,0.0
Warriors @ Celtics - Nov 16 2017  8:00PM,211.86336,9.144,0.0
Warriors @ Celtics - Nov 16 2017  8:00PM,94.21248,-41.904,1.0
Warriors @ Celtics - Nov 16 2017  8:00PM,114.63792,-127.08,0.0
Warriors @ Celtics - Nov 16 2017  8:00PM,147.37008,46.584,0.0
Warriors @ Celtics - Nov 16 2017  8:00PM,202.9272,1.368,0.0
Warriors @ Celtics - Nov 16 2017  8:00PM,87.93168,61.416,0.0
Warriors @ Celtics - Nov 16 2017  8:00PM,180.10176,-60.048,0.0
Warriors @ Celtics - Nov 16 2017  8:00PM,130.51872,79.2,0.0
Warriors @ Celtics - Nov 16 2017  8:00PM,117.34464,-113.472,0.0
Warriors @ Celtics - Nov 16 2017  8:00PM,-111.06384,108.576,0.0
Warriors @ Celtics - Nov 16 2017  8:00PM,-205.88976,-10.512,1.0
Warriors @ Celtics - Nov 16 2017  8:00PM,-104.62992,87.624,1.0
Warriors @ Celtics - Nov 16 2017  8:00PM,-138.38304,143.136,0.0
Warriors @ Celtics - Nov 16 2017  8:00PM,-125.20896,-145.872,0.0
Warriors @ Celtics - Nov 16 2017  8:00PM,-96.45984,-105.84,0.0
76ers @ Warriors - Nov 11 2017  8:30PM,214.41696,-166.536,0.0
76ers @ Warriors - Nov 11 2017  8:30PM,151.45488,159.984,0.0
76ers @ Warriors - Nov 11 2017  8:30PM,204.71472,9.288,0.0
76ers @ Warriors - Nov 11 2017  8:30PM,133.83792,-141.408,1.0
76ers @ Warriors - Nov 11 2017  8:30PM,156.45936,-68.4,0.0
76ers @ Warriors - Nov 11 2017  8:30PM,140.6808,157.32,0.0
76ers @ Warriors - Nov 11 2017  8:30PM,84.25488,10.8,1.0
76ers @ Warriors - Nov 11 2017  8:30PM,161.9232,-111.888,1.0
76ers @ Warriors - Nov 11 2017  8:30PM,127.60848,23.976,0.0
76ers @ Warriors - Nov 11 2017  8:30PM,133.1232,-101.304,0.0
76ers @ Warriors - Nov 11 2017  8:30PM,-110.24688,2.952,1.0
76ers @ Warriors - Nov 11 2017  8:30PM,-84.51072,18.0,0.0
76ers @ Warriors - Nov 11 2017  8:30PM,-217.94064,33.336,0.0
76ers @ Warriors - Nov 11 2017  8:30PM,-155.74512,162.0,1.0
76ers @ Warriors - Nov 11 2017  8:30PM,-90.0768,60.192,0.0
76ers @ Warriors - Nov 11 2017  8:30PM,-109.78752,-97.2,0.0
Timberwolves @ Warriors - Nov  8 2017 10:30PM,-164.93664,3.384,1.0
Timberwolves @ Warriors - Nov  8 2017 10:30PM,-125.77056,91.152,0.0
Timberwolves @ Warriors - Nov  8 2017 10:30PM,-176.52768,75.528,0.0
Timberwolves @ Warriors - Nov  8 2017 10:30PM,-83.84688,17.568,0.0
Timberwolves @ Warriors - Nov  8 2017 10:30PM,-229.73664,-80.712,0.0
Timberwolves @ Warriors - Nov  8 2017 10:30PM,-120.0,-133.2,1.0
Timberwolves @ Warriors - Nov  8 2017 10:30PM,-215.38752,2.232,0.0
Timberwolves @ Warriors - Nov  8 2017 10:30PM,-88.64688,10.8,0.0
Timberwolves @ Warriors - Nov  8 2017 10:30PM,-104.52768,-27.792,1.0
Timberwolves @ Warriors - Nov  8 2017 10:30PM,-135.3192,147.6,1.0
Timberwolves @ Warriors - Nov  8 2017 10:30PM,-147.1152,55.08,1.0
Timberwolves @ Warriors - Nov  8 2017 10:30PM,-94.46832,-86.904,0.0
Timberwolves @ Warriors - Nov  8 2017 10:30PM,210.22944,65.952,1.0
Timberwolves @ Warriors - Nov  8 2017 10:30PM,110.09328,-126.576,0.0
Timberwolves @ Warriors - Nov  8 2017 10:30PM,171.37008,66.024,1.0
Timberwolves @ Warriors - Nov  8 2017 10:30PM,101.77008,91.008,0.0
Timberwolves @ Warriors - Nov  8 2017 10:30PM,172.4424,-12.96,0.0
Timberwolves @ Warriors - Nov  8 2017 10:30PM,206.70624,-25.632,0.0
Timberwolves @ Warriors - Nov  8 2017 10:30PM,209.71872,10.512,0.0
Heat @ Warriors - Nov  6 2017 10:30PM,-180.25536,98.712,0.0
Heat @ Warriors - Nov  6 2017 10:30PM,-79.14912,90.0,0.0
Heat @ Warriors - Nov  6 2017 10:30PM,-207.62592,22.824,0.0
Heat @ Warriors - Nov  6 2017 10:30PM,-200.2728,158.328,0.0
Heat @ Warriors - Nov  6 2017 10:30PM,-191.796,0.864,0.0
Heat @ Warriors - Nov  6 2017 10:30PM,-159.77904,6.408,0.0
Heat @ Warriors - Nov  6 2017 10:30PM,-85.94064,-27.72,0.0
Heat @ Warriors - Nov  6 2017 10:30PM,-210.48528,16.128,1.0
Heat @ Warriors - Nov  6 2017 10:30PM,-90.4344,-28.872,0.0
Heat @ Warriors - Nov  6 2017 10:30PM,-180.0,163.872,0.0
Heat @ Warriors - Nov  6 2017 10:30PM,90.07632,-111.6,1.0
Heat @ Warriors - Nov  6 2017 10:30PM,215.8464,26.424,0.0
Heat @ Warriors - Nov  6 2017 10:30PM,140.37408,-25.056,1.0
Heat @ Warriors - Nov  6 2017 10:30PM,130.21248,-138.312,0.0
Heat @ Warriors - Nov  6 2017 10:30PM,102.4848,97.2,0.0
Heat @ Warriors - Nov  6 2017 10:30PM,191.18256,2.664,0.0
Heat @ Warriors - Nov  6 2017 10:30PM,185.77008,83.664,0.0
Heat @ Warriors - Nov  6 2017 10:30PM,200.98704,-118.008,1.0
Heat @ Warriors - Nov  6 2017 10:30PM,94.57008,-82.584,0.0
Heat @ Warriors - Nov  6 2017 10:30PM,212.8848,10.8,0.0
Heat @ Warriors - Nov  6 2017 10:30PM,87.1656,-61.2,1.0
Warriors @ Nuggets - Nov  4 2017  9:00PM,89.61696,-45.504,0.0
Warriors @ Nuggets - Nov  4 2017  9:00PM,121.58256,-3.384,0.0
Warriors @ Nuggets - Nov  4 2017  9:00PM,170.70624,79.128,1.0
Warriors @ Nuggets - Nov  4 2017  9:00PM,150.2808,40.608,0.0
Warriors @ Nuggets - Nov  4 2017  9:00PM,102.07632,122.112,0.0
Warriors @ Nuggets - Nov  4 2017  9:00PM,123.62544,131.112,1.0
Warriors @ Nuggets - Nov  4 2017  9:00PM,169.83792,-92.088,0.0
Warriors @ Nuggets - Nov  4 2017  9:00PM,207.8808,167.328,1.0
Warriors @ Nuggets - Nov  4 2017  9:00PM,106.21248,-132.12,0.0
Warriors @ Nuggets - Nov  4 2017  9:00PM,-220.34064,166.824,1.0
Warriors @ Nuggets - Nov  4 2017  9:00PM,-89.25984,-62.352,1.0
Warriors @ Nuggets - Nov  4 2017  9:00PM,-140.78304,-150.12,0.0
Warriors @ Nuggets - Nov  4 2017  9:00PM,-84.45984,13.608,0.0
Warriors @ Nuggets - Nov  4 2017  9:00PM,-167.2344,-73.44,1.0
Warriors @ Nuggets - Nov  4 2017  9:00PM,-94.97904,69.912,1.0
Warriors @ Spurs - Nov  2 2017  8:00PM,146.85936,155.16,0.0
Warriors @ Spurs - Nov  2 2017  8:00PM,200.22096,46.728,0.0
Warriors @ Spurs - Nov  2 2017  8:00PM,203.43792,19.512,1.0
Warriors @ Spurs - Nov  2 2017  8:00PM,89.82096,34.272,1.0
Warriors @ Spurs - Nov  2 2017  8:00PM,171.77856,163.368,1.0
Warriors @ Spurs - Nov  2 2017  8:00PM,84.86784,66.168,1.0
Warriors @ Spurs - Nov  2 2017  8:00PM,201.2424,-0.216,1.0
Warriors @ Spurs - Nov  2 2017  8:00PM,200.78256,12.528,0.0
Warriors @ Spurs - Nov  2 2017  8:00PM,-135.3192,-25.2,1.0
Warriors @ Spurs - Nov  2 2017  8:00PM,-217.73664,-3.24,0.0
Warriors @ Spurs - Nov  2 2017  8:00PM,-221.61744,133.272,0.0
Warriors @ Spurs - Nov  2 2017  8:00PM,-99.98304,-57.528,0.0
Warriors @ Spurs - Nov  2 2017  8:00PM,-191.28528,7.56,1.0
Warriors @ Spurs - Nov  2 2017  8:00PM,-155.74512,117.792,0.0
Warriors @ Clippers - Oct 30 2017 10:30PM,207.98256,-166.896,0.0
Warriors @ Clippers - Oct 30 2017 10:30PM,196.54464,-30.24,0.0
Warriors @ Clippers - Oct 30 2017 10:30PM,219.21696,-170.208,1.0
Warriors @ Clippers - Oct 30 2017 10:30PM,115.71024,123.84,1.0
Warriors @ Clippers - Oct 30 2017 10:30PM,212.6808,-165.384,0.0
Warriors @ Clippers - Oct 30 2017 10:30PM,180.71472,-17.208,0.0
Warriors @ Clippers - Oct 30 2017 10:30PM,137.3616,149.112,0.0
Warriors @ Clippers - Oct 30 2017 10:30PM,81.70176,-1.152,0.0
Warriors @ Clippers - Oct 30 2017 10:30PM,85.94016,10.656,1.0
Warriors @ Clippers - Oct 30 2017 10:30PM,203.89776,0.936,1.0
Warriors @ Clippers - Oct 30 2017 10:30PM,-216.05136,-34.416,0.0
Warriors @ Clippers - Oct 30 2017 10:30PM,-209.82144,163.944,1.0
Warriors @ Clippers - Oct 30 2017 10:30PM,-134.29824,31.392,1.0
Warriors @ Clippers - Oct 30 2017 10:30PM,-150.17904,-155.88,1.0
Warriors @ Clippers - Oct 30 2017 10:30PM,-135.82992,148.032,1.0
Warriors @ Clippers - Oct 30 2017 10:30PM,-212.1192,21.024,0.0
Warriors @ Clippers - Oct 30 2017 10:30PM,-89.46384,40.608,1.0
Pistons @ Warriors - Oct 29 2017  8:30PM,-141.29376,-154.584,1.0
Pistons @ Warriors - Oct 29 2017  8:30PM,-209.41296,-29.088,1.0
Pistons @ Warriors - Oct 29 2017  8:30PM,-201.6,154.584,1.0
Pistons @ Warriors - Oct 29 2017  8:30PM,-109.78752,109.368,1.0
Pistons @ Warriors - Oct 29 2017  8:30PM,-215.69376,8.424,0.0
Pistons @ Warriors - Oct 29 2017  8:30PM,-189.34512,-14.76,1.0
Pistons @ Warriors - Oct 29 2017  8:30PM,-192.56208,-97.56,1.0
Pistons @ Warriors - Oct 29 2017  8:30PM,-179.33664,-165.96,0.0
Pistons @ Warriors - Oct 29 2017  8:30PM,-215.08128,3.528,1.0
Pistons @ Warriors - Oct 29 2017  8:30PM,-212.42592,9.72,1.0
Pistons @ Warriors - Oct 29 2017  8:30PM,-52.8,21.744,0.0
Pistons @ Warriors - Oct 29 2017  8:30PM,143.33616,54.0,1.0
Pistons @ Warriors - Oct 29 2017  8:30PM,93.90624,58.464,1.0
Pistons @ Warriors - Oct 29 2017  8:30PM,72.30624,12.456,0.0
Pistons @ Warriors - Oct 29 2017  8:30PM,218.14464,-7.128,1.0
Pistons @ Warriors - Oct 29 2017  8:30PM,212.8848,-13.752,0.0
Pistons @ Warriors - Oct 29 2017  8:30PM,107.33616,-113.04,0.0
Wizards @ Warriors - Oct 27 2017 10:30PM,-175.40448,163.296,0.0
Wizards @ Warriors - Oct 27 2017 10:30PM,-151.40448,-8.928,1.0
Wizards @ Warriors - Oct 27 2017 10:30PM,-189.80448,-16.992,1.0
Wizards @ Warriors - Oct 27 2017 10:30PM,-185.82144,165.6,0.0
Wizards @ Warriors - Oct 27 2017 10:30PM,-203.13216,-2.16,1.0
Wizards @ Warriors - Oct 27 2017 10:30PM,-164.73216,39.168,1.0
Wizards @ Warriors - Oct 27 2017 10:30PM,-85.73664,-3.6,0.0
Wizards @ Warriors - Oct 27 2017 10:30PM,-98.85984,-115.704,1.0
Wizards @ Warriors - Oct 27 2017 10:30PM,-123.88128,-116.2152,0.0
Wizards @ Warriors - Oct 27 2017 10:30PM,-94.46832,61.2,0.0
Wizards @ Warriors - Oct 27 2017 10:30PM,-74.04288,-68.4,0.0
Wizards @ Warriors - Oct 27 2017 10:30PM,-222.33216,-165.888,0.0
Wizards @ Warriors - Oct 27 2017 10:30PM,120.0,-118.8,0.0
Wizards @ Warriors - Oct 27 2017 10:30PM,196.03392,-39.456,0.0
Wizards @ Warriors - Oct 27 2017 10:30PM,210.68928,165.384,0.0
Wizards @ Warriors - Oct 27 2017 10:30PM,214.87632,24.552,0.0
Wizards @ Warriors - Oct 27 2017 10:30PM,99.57408,97.2,1.0
Wizards @ Warriors - Oct 27 2017 10:30PM,89.3616,-82.8,1.0
Wizards @ Warriors - Oct 27 2017 10:30PM,58.00848,32.4,0.0
Raptors @ Warriors - Oct 25 2017 10:30PM,-104.68128,-90.0,0.0
Raptors @ Warriors - Oct 25 2017 10:30PM,-216.76608,-32.4,0.0
Raptors @ Warriors - Oct 25 2017 10:30PM,-214.05984,22.32,0.0
Raptors @ Warriors - Oct 25 2017 10:30PM,-217.02144,9.288,1.0
Raptors @ Warriors - Oct 25 2017 10:30PM,-120.0,118.8,0.0
Raptors @ Warriors - Oct 25 2017 10:30PM,-179.2344,165.24,0.0
Raptors @ Warriors - Oct 25 2017 10:30PM,-125.10672,-46.8,1.0
Raptors @ Warriors - Oct 25 2017 10:30PM,-213.49824,-0.648,0.0
Raptors @ Warriors - Oct 25 2017 10:30PM,-146.85984,-160.128,0.0
Raptors @ Warriors - Oct 25 2017 10:30PM,-114.94512,94.32,0.0
Raptors @ Warriors - Oct 25 2017 10:30PM,192.10176,-163.944,1.0
Raptors @ Warriors - Oct 25 2017 10:30PM,195.5232,1.944,1.0
Raptors @ Warriors - Oct 25 2017 10:30PM,221.25936,140.04,0.0
Raptors @ Warriors - Oct 25 2017 10:30PM,210.33168,-28.296,1.0
Raptors @ Warriors - Oct 25 2017 10:30PM,152.83392,21.096,0.0
Raptors @ Warriors - Oct 25 2017 10:30PM,223.35312,-174.528,1.0
Raptors @ Warriors - Oct 25 2017 10:30PM,120.71472,147.6,1.0
Raptors @ Warriors - Oct 25 2017 10:30PM,90.8424,-110.592,0.0
Raptors @ Warriors - Oct 25 2017 10:30PM,68.93616,-18.0,0.0
Raptors @ Warriors - Oct 25 2017 10:30PM,106.87632,-102.312,0.0
Raptors @ Warriors - Oct 25 2017 10:30PM,218.9616,19.656,1.0
Raptors @ Warriors - Oct 25 2017 10:30PM,82.77408,-68.4,1.0
Warriors @ Mavericks - Oct 23 2017  8:30PM,160.28928,122.76,1.0
Warriors @ Mavericks - Oct 23 2017  8:30PM,132.35712,-143.136,0.0
Warriors @ Mavericks - Oct 23 2017  8:30PM,129.03792,142.128,0.0
Warriors @ Mavericks - Oct 23 2017  8:30PM,209.61696,14.112,0.0
Warriors @ Mavericks - Oct 23 2017  8:30PM,139.91472,154.296,0.0
Warriors @ Mavericks - Oct 23 2017  8:30PM,94.46784,-82.8,0.0
Warriors @ Mavericks - Oct 23 2017  8:30PM,221.31024,-164.592,1.0
Warriors @ Mavericks - Oct 23 2017  8:30PM,89.3616,-61.2,0.0
Warriors @ Mavericks - Oct 23 2017  8:30PM,205.99104,22.248,1.0
Warriors @ Mavericks - Oct 23 2017  8:30PM,198.53616,-164.736,0.0
Warriors @ Mavericks - Oct 23 2017  8:30PM,180.25488,-100.296,0.0
Warriors @ Mavericks - Oct 23 2017  8:30PM,136.28928,152.136,0.0
Warriors @ Mavericks - Oct 23 2017  8:30PM,-113.92368,-143.352,1.0
Warriors @ Mavericks - Oct 23 2017  8:30PM,-169.48128,-6.048,0.0
Warriors @ Mavericks - Oct 23 2017  8:30PM,-151.25136,11.016,1.0
Warriors @ Mavericks - Oct 23 2017  8:30PM,-193.88976,-66.96,1.0
Warriors @ Mavericks - Oct 23 2017  8:30PM,-70.11072,74.448,0.0
Warriors @ Mavericks - Oct 23 2017  8:30PM,-127.09824,-127.008,0.0
Warriors @ Mavericks - Oct 23 2017  8:30PM,-122.85984,-111.6,1.0
Warriors @ Grizzlies - Oct 21 2017  8:00PM,-152.1192,-27.288,0.0
Warriors @ Grizzlies - Oct 21 2017  8:00PM,-90.02592,37.368,1.0
Warriors @ Grizzlies - Oct 21 2017  8:00PM,-128.62992,30.384,1.0
Warriors @ Grizzlies - Oct 21 2017  8:00PM,-134.60448,155.16,0.0
Warriors @ Grizzlies - Oct 21 2017  8:00PM,-199.86384,29.736,0.0
Warriors @ Grizzlies - Oct 21 2017  8:00PM,-100.34064,-91.08,0.0
Warriors @ Grizzlies - Oct 21 2017  8:00PM,-83.84688,-47.232,0.0
Warriors @ Grizzlies - Oct 21 2017  8:00PM,-106.8768,115.56,1.0
Warriors @ Grizzlies - Oct 21 2017  8:00PM,-89.25984,-47.664,1.0
Warriors @ Grizzlies - Oct 21 2017  8:00PM,84.05088,16.992,1.0
Warriors @ Grizzlies - Oct 21 2017  8:00PM,217.53168,-38.664,0.0
Warriors @ Grizzlies - Oct 21 2017  8:00PM,207.01248,-12.6,0.0
Warriors @ Grizzlies - Oct 21 2017  8:00PM,208.69776,-9.36,0.0
Warriors @ Grizzlies - Oct 21 2017  8:00PM,134.55312,-142.776,0.0
Warriors @ Grizzlies - Oct 21 2017  8:00PM,84.40848,11.52,1.0
Warriors @ Grizzlies - Oct 21 2017  8:00PM,102.85248,-68.3424,0.0
Warriors @ Grizzlies - Oct 21 2017  8:00PM,212.73168,-163.224,0.0
Warriors @ Grizzlies - Oct 21 2017  8:00PM,75.31872,89.28,0.0
Warriors @ Grizzlies - Oct 21 2017  8:00PM,209.004,-25.2,1.0
Warriors @ Grizzlies - Oct 21 2017  8:00PM,85.22544,18.072,1.0
Warriors @ Grizzlies - Oct 21 2017  8:00PM,207.5232,-18.0,1.0
Warriors @ Pelicans - Oct 20 2017  9:30PM,220.34016,168.624,0.0
Warriors @ Pelicans - Oct 20 2017  9:30PM,196.90176,162.36,0.0
Warriors @ Pelicans - Oct 20 2017  9:30PM,175.65936,154.728,1.0
Warriors @ Pelicans - Oct 20 2017  9:30PM,135.57408,-140.256,0.0
Warriors @ Pelicans - Oct 20 2017  9:30PM,109.73616,104.544,0.0
Warriors @ Pelicans - Oct 20 2017  9:30PM,221.77008,-10.728,1.0
Warriors @ Pelicans - Oct 20 2017  9:30PM,76.23792,-55.368,1.0
Warriors @ Pelicans - Oct 20 2017  9:30PM,89.61696,-24.696,1.0
Warriors @ Pelicans - Oct 20 2017  9:30PM,96.4032,-41.9184,0.0
Warriors @ Pelicans - Oct 20 2017  9:30PM,120.35712,-139.896,0.0
Warriors @ Pelicans - Oct 20 2017  9:30PM,-149.97456,-126.216,0.0
Warriors @ Pelicans - Oct 20 2017  9:30PM,-89.36208,-39.24,0.0
Warriors @ Pelicans - Oct 20 2017  9:30PM,-208.34064,-19.584,1.0
Warriors @ Pelicans - Oct 20 2017  9:30PM,-106.57056,97.056,0.0
Warriors @ Pelicans - Oct 20 2017  9:30PM,-205.53216,-18.288,0.0
Warriors @ Pelicans - Oct 20 2017  9:30PM,-120.0,-131.112,1.0
Warriors @ Pelicans - Oct 20 2017  9:30PM,-141.14064,-154.8,0.0
Warriors @ Pelicans - Oct 20 2017  9:30PM,-209.56608,20.808,0.0
Warriors @ Pelicans - Oct 20 2017  9:30PM,-206.5536,-168.84,1.0
Rockets @ Warriors - Oct 17 2017 10:30PM,-220.08528,-114.048,0.0
Rockets @ Warriors - Oct 17 2017 10:30PM,-92.2728,-82.8,1.0
Rockets @ Warriors - Oct 17 2017 10:30PM,-198.84288,-24.336,0.0
Rockets @ Warriors - Oct 17 2017 10:30PM,-209.1576,-37.8,0.0
Rockets @ Warriors - Oct 17 2017 10:30PM,-115.14912,109.872,0.0
Rockets @ Warriors - Oct 17 2017 10:30PM,205.27632,-11.952,1.0
Rockets @ Warriors - Oct 17 2017 10:30PM,84.61248,25.272,1.0
Rockets @ Warriors - Oct 17 2017 10:30PM,140.6808,154.224,0.0
Rockets @ Warriors - Oct 17 2017 10:30PM,201.34464,116.712,1.0
Rockets @ Warriors - Oct 17 2017 10:30PM,199.71024,29.952,0.0
Rockets @ Warriors - Oct 17 2017 10:30PM,87.77856,3.384,0.0
Rockets @ Warriors - Oct 17 2017 10:30PM,87.8808,-54.0,0.0
Rockets @ Warriors - Oct 17 2017 10:30PM,218.34864,-21.528,0.0
Rockets @ Warriors - Oct 17 2017 10:30PM,196.49328,86.112,1.0
Rockets @ Warriors - Oct 17 2017 10:30PM,89.3616,-54.0,1.0
Rockets @ Warriors - Oct 17 2017 10:30PM,210.63792,1.8,1.0
Rockets @ Warriors - Oct 17 2017 10:30PM,213.54864,10.152,1.0
Rockets @ Warriors - Oct 17 2017 10:30PM,89.3616,58.104,0.0
Rockets @ Warriors - Oct 17 2017 10:30PM,155.94864,-153.72,0.0
Cavaliers @ Warriors - Jun 12 2017  9:00PM,-210.93456,20.1168,1.0
Cavaliers @ Warriors - Jun 12 2017  9:00PM,-209.17296,44.1288,1.0
Cavaliers @ Warriors - Jun 12 2017  9:00PM,-77.26992,-21.5496,0.0
Cavaliers @ Warriors - Jun 12 2017  9:00PM,-170.60976,0.324,1.0
Cavaliers @ Warriors - Jun 12 2017  9:00PM,-183.72288,-37.2024,0.0
Cavaliers @ Warriors - Jun 12 2017  9:00PM,-106.63152,82.3896,0.0
Cavaliers @ Warriors - Jun 12 2017  9:00PM,-190.35072,158.328,0.0
Cavaliers @ Warriors - Jun 12 2017  9:00PM,-119.316,79.6752,0.0
Cavaliers @ Warriors - Jun 12 2017  9:00PM,-152.8344,48.4128,1.0
Cavaliers @ Warriors - Jun 12 2017  9:00PM,-84.53136,40.6728,0.0
Cavaliers @ Warriors - Jun 12 2017  9:00PM,-41.81664,-49.4496,0.0
Cavaliers @ Warriors - Jun 12 2017  9:00PM,-83.65824,-76.3344,1.0
Cavaliers @ Warriors - Jun 12 2017  9:00PM,199.85328,40.428,0.0
Cavaliers @ Warriors - Jun 12 2017  9:00PM,121.47024,133.0056,0.0
Cavaliers @ Warriors - Jun 12 2017  9:00PM,213.1248,23.2992,1.0
Cavaliers @ Warriors - Jun 12 2017  9:00PM,81.564,47.3832,0.0
Cavaliers @ Warriors - Jun 12 2017  9:00PM,204.95472,30.3624,1.0
Cavaliers @ Warriors - Jun 12 2017  9:00PM,213.4824,-4.14,1.0
Cavaliers @ Warriors - Jun 12 2017  9:00PM,65.724,-46.0728,0.0
Cavaliers @ Warriors - Jun 12 2017  9:00PM,153.29856,-162.3096,1.0
Cavaliers @ Warriors - Jun 12 2017  9:00PM,219.67104,158.472,0.0
Cavaliers @ Warriors - Jun 12 2017  9:00PM,194.10864,14.0544,1.0
Warriors @ Cavaliers - Jun  9 2017  9:00PM,144.66336,-149.5656,0.0
Warriors @ Cavaliers - Jun  9 2017  9:00PM,203.65248,38.6928,0.0
Warriors @ Cavaliers - Jun  9 2017  9:00PM,108.41328,-103.9536,0.0
Warriors @ Cavaliers - Jun  9 2017  9:00PM,203.94336,-13.1112,0.0
Warriors @ Cavaliers - Jun  9 2017  9:00PM,-117.67152,-87.0912,0.0
Warriors @ Cavaliers - Jun  9 2017  9:00PM,100.6056,80.5536,0.0
Warriors @ Cavaliers - Jun  9 2017  9:00PM,171.3648,57.8736,0.0
Warriors @ Cavaliers - Jun  9 2017  9:00PM,212.27712,-164.556,1.0
Warriors @ Cavaliers - Jun  9 2017  9:00PM,-206.916,7.6464,1.0
Warriors @ Cavaliers - Jun  9 2017  9:00PM,-90.22512,-54.5904,0.0
Warriors @ Cavaliers - Jun  9 2017  9:00PM,-125.22912,-153.2016,1.0
Warriors @ Cavaliers - Jun  9 2017  9:00PM,-141.12528,47.808,1.0
Warriors @ Cavaliers - Jun  9 2017  9:00PM,-57.18672,-50.1912,0.0
Warriors @ Cavaliers - Jun  9 2017  9:00PM,-210.516,164.4264,0.0
Warriors @ Cavaliers - Jun  7 2017  9:00PM,115.50096,-132.7536,0.0
Warriors @ Cavaliers - Jun  7 2017  9:00PM,102.39312,-85.356,1.0
Warriors @ Cavaliers - Jun  7 2017  9:00PM,160.87632,-158.7096,1.0
Warriors @ Cavaliers - Jun  7 2017  9:00PM,75.6816,-82.008,0.0
Warriors @ Cavaliers - Jun  7 2017  9:00PM,207.2832,15.3792,0.0
Warriors @ Cavaliers - Jun  7 2017  9:00PM,154.63104,-33.624,0.0
Warriors @ Cavaliers - Jun  7 2017  9:00PM,207.4872,-16.7112,0.0
Warriors @ Cavaliers - Jun  7 2017  9:00PM,132.44928,138.6,1.0
Warriors @ Cavaliers - Jun  7 2017  9:00PM,110.75712,-126.7344,1.0
Warriors @ Cavaliers - Jun  7 2017  9:00PM,-85.2,61.6032,1.0
Warriors @ Cavaliers - Jun  7 2017  9:00PM,-218.9976,-168.1344,0.0
Warriors @ Cavaliers - Jun  7 2017  9:00PM,-117.93216,-27.5832,0.0
Warriors @ Cavaliers - Jun  7 2017  9:00PM,-205.82832,40.788,1.0
Warriors @ Cavaliers - Jun  7 2017  9:00PM,-154.4376,-123.4152,0.0
Warriors @ Cavaliers - Jun  7 2017  9:00PM,-173.76528,15.804,0.0
Warriors @ Cavaliers - Jun  7 2017  9:00PM,-196.37664,-5.2992,1.0
Warriors @ Cavaliers - Jun  7 2017  9:00PM,-208.38672,11.1168,1.0
Warriors @ Cavaliers - Jun  7 2017  9:00PM,-224.60976,-1.2816,0.0
Warriors @ Cavaliers - Jun  7 2017  9:00PM,-86.8752,97.1568,0.0
Cavaliers @ Warriors - Jun  4 2017  8:00PM,-188.08368,-50.3928,1.0
Cavaliers @ Warriors - Jun  4 2017  8:00PM,-172.08528,159.9984,0.0
Cavaliers @ Warriors - Jun  4 2017  8:00PM,-208.90752,-68.3928,0.0
Cavaliers @ Warriors - Jun  4 2017  8:00PM,82.5648,-158.004,0.0
Cavaliers @ Warriors - Jun  4 2017  8:00PM,-85.68,29.9952,0.0
Cavaliers @ Warriors - Jun  4 2017  8:00PM,-184.84128,163.1376,1.0
Cavaliers @ Warriors - Jun  4 2017  8:00PM,-89.9592,-66.7728,0.0
Cavaliers @ Warriors - Jun  4 2017  8:00PM,-161.89824,161.712,0.0
Cavaliers @ Warriors - Jun  4 2017  8:00PM,-92.8344,-111.7944,0.0
Cavaliers @ Warriors - Jun  4 2017  8:00PM,104.99712,-152.4528,1.0
Cavaliers @ Warriors - Jun  4 2017  8:00PM,198.91872,77.184,0.0
Cavaliers @ Warriors - Jun  4 2017  8:00PM,99.77856,-73.5624,1.0
Cavaliers @ Warriors - Jun  4 2017  8:00PM,207.95712,84.9528,0.0
Cavaliers @ Warriors - Jun  4 2017  8:00PM,195.61008,24.0552,1.0
Cavaliers @ Warriors - Jun  4 2017  8:00PM,92.85936,84.2472,0.0
Cavaliers @ Warriors - Jun  4 2017  8:00PM,72.49488,45.4248,0.0
Cavaliers @ Warriors - Jun  4 2017  8:00PM,140.62464,81.3744,0.0
Cavaliers @ Warriors - Jun  4 2017  8:00PM,208.81488,29.0952,1.0
Cavaliers @ Warriors - Jun  4 2017  8:00PM,81.8808,-93.3552,1.0
Cavaliers @ Warriors - Jun  1 2017  9:00PM,-173.68896,-112.536,1.0
Cavaliers @ Warriors - Jun  1 2017  9:00PM,-194.26224,-10.2024,0.0
Cavaliers @ Warriors - Jun  1 2017  9:00PM,-65.44896,35.4528,1.0
Cavaliers @ Warriors - Jun  1 2017  9:00PM,-196.12608,-23.5872,0.0
Cavaliers @ Warriors - Jun  1 2017  9:00PM,-204.4752,-161.4096,1.0
Cavaliers @ Warriors - Jun  1 2017  9:00PM,-194.05296,12.7872,1.0
Cavaliers @ Warriors - Jun  1 2017  9:00PM,-207.88128,-10.6704,0.0
Cavaliers @ Warriors - Jun  1 2017  9:00PM,-77.17824,29.3832,0.0
Cavaliers @ Warriors - Jun  1 2017  9:00PM,-95.8728,-79.3224,0.0
Cavaliers @ Warriors - Jun  1 2017  9:00PM,-195.91152,-18.4896,0.0
Cavaliers @ Warriors - Jun  1 2017  9:00PM,-214.05984,32.4288,1.0
Cavaliers @ Warriors - Jun  1 2017  9:00PM,-117.10512,114.6384,0.0
Cavaliers @ Warriors - Jun  1 2017  9:00PM,-199.5984,-156.5424,0.0
Cavaliers @ Warriors - Jun  1 2017  9:00PM,226.33008,-1.8216,0.0
Cavaliers @ Warriors - Jun  1 2017  9:00PM,74.0016,2.1816,1.0
Cavaliers @ Warriors - Jun  1 2017  9:00PM,-106.86144,74.6496,0.0
Cavaliers @ Warriors - Jun  1 2017  9:00PM,121.34784,3.8952,1.0
Cavaliers @ Warriors - Jun  1 2017  9:00PM,125.99472,-137.52,1.0
Cavaliers @ Warriors - Jun  1 2017  9:00PM,161.81616,159.4368,1.0
Cavaliers @ Warriors - Jun  1 2017  9:00PM,129.62544,125.676,0.0
Cavaliers @ Warriors - Jun  1 2017  9:00PM,76.99392,-2.9664,1.0
Cavaliers @ Warriors - Jun  1 2017  9:00PM,192.66336,79.5888,1.0
Warriors @ Spurs - May 22 2017  9:00PM,194.14944,-15.7464,1.0
Warriors @ Spurs - May 22 2017  9:00PM,87.6408,-62.172,0.0
Warriors @ Spurs - May 22 2017  9:00PM,207.06864,-170.6688,0.0
Warriors @ Spurs - May 22 2017  9:00PM,98.844,-78.084,1.0
Warriors @ Spurs - May 22 2017  9:00PM,90.58704,35.5176,0.0
Warriors @ Spurs - May 22 2017  9:00PM,199.15872,-8.9064,1.0
Warriors @ Spurs - May 22 2017  9:00PM,108.29088,112.0824,0.0
Warriors @ Spurs - May 22 2017  9:00PM,89.91792,-53.6112,0.0
Warriors @ Spurs - May 22 2017  9:00PM,220.8816,10.4616,1.0
Warriors @ Spurs - May 22 2017  9:00PM,199.164,28.584,1.0
Warriors @ Spurs - May 22 2017  9:00PM,211.71552,9.1296,1.0
Warriors @ Spurs - May 22 2017  9:00PM,91.79712,-56.2752,1.0
Warriors @ Spurs - May 22 2017  9:00PM,191.37168,53.4744,1.0
Warriors @ Spurs - May 22 2017  9:00PM,-210.40896,20.16,1.0
Warriors @ Spurs - May 22 2017  9:00PM,-85.32288,-63.9144,0.0
Warriors @ Spurs - May 22 2017  9:00PM,-167.56608,-158.832,1.0
Warriors @ Spurs - May 22 2017  9:00PM,-116.916,-114.7464,1.0
Warriors @ Spurs - May 22 2017  9:00PM,-219.00288,17.5248,0.0
Warriors @ Spurs - May 22 2017  9:00PM,-77.88768,-27.6552,0.0
Warriors @ Spurs - May 22 2017  9:00PM,-207.57984,111.528,0.0
Warriors @ Spurs - May 22 2017  9:00PM,-100.33536,63.5616,0.0
Warriors @ Spurs - May 22 2017  9:00PM,-208.8768,-4.4712,0.0
Warriors @ Spurs - May 22 2017  9:00PM,-220.836,161.1792,1.0
Warriors @ Spurs - May 22 2017  9:00PM,-109.61376,86.8464,1.0
Warriors @ Spurs - May 22 2017  9:00PM,-187.21056,-67.6152,1.0
Warriors @ Spurs - May 20 2017  9:00PM,223.0008,165.4848,1.0
Warriors @ Spurs - May 20 2017  9:00PM,84.54096,5.4,1.0
Warriors @ Spurs - May 20 2017  9:00PM,97.22544,-41.112,0.0
Warriors @ Spurs - May 20 2017  9:00PM,112.8,-102.132,0.0
Warriors @ Spurs - May 20 2017  9:00PM,229.25616,30.1248,0.0
Warriors @ Spurs - May 20 2017  9:00PM,173.4432,-79.1352,1.0
Warriors @ Spurs - May 20 2017  9:00PM,214.59024,-12.456,0.0
Warriors @ Spurs - May 20 2017  9:00PM,127.93488,138.8808,0.0
Warriors @ Spurs - May 20 2017  9:00PM,208.4016,25.7832,1.0
Warriors @ Spurs - May 20 2017  9:00PM,-136.2744,-41.1048,1.0
Warriors @ Spurs - May 20 2017  9:00PM,-85.3176,-126.864,0.0
Warriors @ Spurs - May 20 2017  9:00PM,-210.28128,-78.408,1.0
Warriors @ Spurs - May 20 2017  9:00PM,-223.86384,-164.16,0.0
Warriors @ Spurs - May 20 2017  9:00PM,-210.04608,14.616,1.0
Warriors @ Spurs - May 20 2017  9:00PM,-87.93744,-26.064,1.0
Spurs @ Warriors - May 16 2017  9:00PM,94.08,69.9264,1.0
Spurs @ Warriors - May 16 2017  9:00PM,161.82624,-155.304,1.0
Spurs @ Warriors - May 16 2017  9:00PM,214.8048,22.8888,0.0
Spurs @ Warriors - May 16 2017  9:00PM,107.6424,101.6352,1.0
Spurs @ Warriors - May 16 2017  9:00PM,195.13488,158.472,0.0
Spurs @ Warriors - May 16 2017  9:00PM,98.21616,75.8088,0.0
Spurs @ Warriors - May 16 2017  9:00PM,146.4048,-151.3872,1.0
Spurs @ Warriors - May 16 2017  9:00PM,91.99104,12.6864,1.0
Spurs @ Warriors - May 16 2017  9:00PM,-127.3176,-38.0016,0.0
Spurs @ Warriors - May 16 2017  9:00PM,-75.72768,-4.7952,1.0
Spurs @ Warriors - May 16 2017  9:00PM,-78.93984,39.7656,0.0
Spurs @ Warriors - May 16 2017  9:00PM,-146.9928,-2.916,0.0
Spurs @ Warriors - May 16 2017  9:00PM,-198.8328,6.3576,1.0
Spurs @ Warriors - May 16 2017  9:00PM,-153.77904,83.7288,1.0
Spurs @ Warriors - May 14 2017  3:30PM,85.06704,51.1776,0.0
Spurs @ Warriors - May 14 2017  3:30PM,42.7608,34.7256,0.0
Spurs @ Warriors - May 14 2017  3:30PM,-133.05216,116.6976,0.0
Spurs @ Warriors - May 14 2017  3:30PM,193.4808,-155.6712,1.0
Spurs @ Warriors - May 14 2017  3:30PM,198.21936,1.9368,0.0
Spurs @ Warriors - May 14 2017  3:30PM,217.98624,165.744,0.0
Spurs @ Warriors - May 14 2017  3:30PM,214.45776,-3.3048,1.0
Spurs @ Warriors - May 14 2017  3:30PM,181.66944,162.6768,1.0
Spurs @ Warriors - May 14 2017  3:30PM,141.22176,-154.2384,1.0
Spurs @ Warriors - May 14 2017  3:30PM,210.0816,-21.6072,0.0
Spurs @ Warriors - May 14 2017  3:30PM,27.53328,-57.096,0.0
Spurs @ Warriors - May 14 2017  3:30PM,-145.97664,149.5872,0.0
Spurs @ Warriors - May 14 2017  3:30PM,-113.44368,-95.3496,1.0
Spurs @ Warriors - May 14 2017  3:30PM,-202.73904,-31.068,0.0
Spurs @ Warriors - May 14 2017  3:30PM,-138.9552,-25.7184,1.0
Spurs @ Warriors - May 14 2017  3:30PM,-156.10224,-44.3448,0.0
Spurs @ Warriors - May 14 2017  3:30PM,-130.61664,156.7512,0.0
Spurs @ Warriors - May 14 2017  3:30PM,-105.02304,-78.1128,1.0
Spurs @ Warriors - May 14 2017  3:30PM,-143.35152,160.7832,1.0
Spurs @ Warriors - May 14 2017  3:30PM,-153.7992,9.5616,1.0
Spurs @ Warriors - May 14 2017  3:30PM,-118.2336,-119.664,1.0
Spurs @ Warriors - May 14 2017  3:30PM,-96.62304,-91.1448,1.0
Spurs @ Warriors - May 14 2017  3:30PM,-132.96528,-144.9648,0.0
Spurs @ Warriors - May 14 2017  3:30PM,-172.68768,-159.048,0.0
Spurs @ Warriors - May 14 2017  3:30PM,-125.20368,-125.9568,1.0
Spurs @ Warriors - May 14 2017  3:30PM,-201.17136,-16.164,1.0
Spurs @ Warriors - May 14 2017  3:30PM,-141.0744,2.6568,1.0
Spurs @ Warriors - May 14 2017  3:30PM,-88.29984,13.2552,0.0
Warriors @ Jazz - May  8 2017  9:00PM,61.93488,52.0272,0.0
Warriors @ Jazz - May  8 2017  9:00PM,200.51712,-161.5608,0.0
Warriors @ Jazz - May  8 2017  9:00PM,206.77248,-165.1392,0.0
Warriors @ Jazz - May  8 2017  9:00PM,197.71872,-163.1376,1.0
Warriors @ Jazz - May  8 2017  9:00PM,86.14464,23.7384,0.0
Warriors @ Jazz - May  8 2017  9:00PM,173.74944,162.8784,1.0
Warriors @ Jazz - May  8 2017  9:00PM,216.74016,-15.1056,1.0
Warriors @ Jazz - May  8 2017  9:00PM,131.45856,1.6488,1.0
Warriors @ Jazz - May  8 2017  9:00PM,200.53248,6.9696,1.0
Warriors @ Jazz - May  8 2017  9:00PM,83.91792,6.516,0.0
Warriors @ Jazz - May  8 2017  9:00PM,138.1272,-134.7696,0.0
